gbifID;type;format;identifier;references;title;description;source;audience;created;creator;contributor;publisher;license;rightsHolder
4029170520;StillImage;image/jpeg;https://inaturalist-open-data.s3.amazonaws.com/photos/254376197/original.jpeg;https://www.inaturalist.org/photos/254376197;;;;;17/10/2022 1:29;Anton Popovich;;iNaturalist;http://creativecommons.org/licenses/by/4.0/;Anton Popovich
4022312616;StillImage;image/jpeg;https://inaturalist-open-data.s3.amazonaws.com/photos/250317927/original.jpg;https://www.inaturalist.org/photos/250317927;;;;;15/09/2018 20:04;Filip Fuljer;;iNaturalist;http://creativecommons.org/licenses/by-nc/4.0/;Filip Fuljer
4022294471;StillImage;image/jpeg;https://inaturalist-open-data.s3.amazonaws.com/photos/230363652/original.jpg;https://www.inaturalist.org/photos/230363652;;;;;14/09/2022 18:03;camilletr;;iNaturalist;http://creativecommons.org/licenses/by-nc/4.0/;camilletr
4022101644;StillImage;image/jpeg;https://inaturalist-open-data.s3.amazonaws.com/photos/250546361/original.jpeg;https://www.inaturalist.org/photos/250546361;;;;;01/01/2002 9:58;Laurent Barthe;;iNaturalist;http://creativecommons.org/licenses/by-nc/4.0/;Laurent Barthe
4022101644;StillImage;image/jpeg;https://inaturalist-open-data.s3.amazonaws.com/photos/250546370/original.jpeg;https://www.inaturalist.org/photos/250546370;;;;;01/01/2002 10:00;Laurent Barthe;;iNaturalist;http://creativecommons.org/licenses/by-nc/4.0/;Laurent Barthe
4018135676;StillImage;image/jpeg;https://inaturalist-open-data.s3.amazonaws.com/photos/229512259/original.jpeg;https://www.inaturalist.org/photos/229512259;;;;;11/09/2022 19:26;helmling;;iNaturalist;http://creativecommons.org/licenses/by-nc/4.0/;helmling
4018135676;StillImage;image/jpeg;https://inaturalist-open-data.s3.amazonaws.com/photos/229512238/original.jpeg;https://www.inaturalist.org/photos/229512238;;;;;11/09/2022 19:26;helmling;;iNaturalist;http://creativecommons.org/licenses/by-nc/4.0/;helmling
4018103108;StillImage;image/jpeg;https://inaturalist-open-data.s3.amazonaws.com/photos/251857279/original.jpeg;https://www.inaturalist.org/photos/251857279;;;;;13/09/2022 2:00;sludgemuncher;;iNaturalist;http://creativecommons.org/licenses/by-nc/4.0/;sludgemuncher
4018103108;StillImage;image/jpeg;https://inaturalist-open-data.s3.amazonaws.com/photos/251857256/original.jpeg;https://www.inaturalist.org/photos/251857256;;;;;13/09/2022 2:00;sludgemuncher;;iNaturalist;http://creativecommons.org/licenses/by-nc/4.0/;sludgemuncher
4018103108;StillImage;image/jpeg;https://inaturalist-open-data.s3.amazonaws.com/photos/251857267/original.jpeg;https://www.inaturalist.org/photos/251857267;;;;;13/09/2022 2:00;sludgemuncher;;iNaturalist;http://creativecommons.org/licenses/by-nc/4.0/;sludgemuncher
4018103108;StillImage;image/jpeg;https://inaturalist-open-data.s3.amazonaws.com/photos/251857290/original.jpeg;https://www.inaturalist.org/photos/251857290;;;;;13/09/2022 2:00;sludgemuncher;;iNaturalist;http://creativecommons.org/licenses/by-nc/4.0/;sludgemuncher
4015220464;StillImage;image/jpeg;https://static.inaturalist.org/photos/161474911/original.jpeg;https://www.inaturalist.org/photos/161474911;;;;;22/09/2021 23:06;Alyona Ruchka;;iNaturalist;http://creativecommons.org/licenses/by/4.0/;Alyona Ruchka
4015220464;StillImage;image/jpeg;https://static.inaturalist.org/photos/161474899/original.jpeg;https://www.inaturalist.org/photos/161474899;;;;;22/09/2021 23:06;Alyona Ruchka;;iNaturalist;http://creativecommons.org/licenses/by/4.0/;Alyona Ruchka
4015220464;StillImage;image/jpeg;https://static.inaturalist.org/photos/161474890/original.jpeg;https://www.inaturalist.org/photos/161474890;;;;;22/09/2021 23:06;Alyona Ruchka;;iNaturalist;http://creativecommons.org/licenses/by/4.0/;Alyona Ruchka
4015220464;StillImage;image/jpeg;https://static.inaturalist.org/photos/161474921/original.jpeg;https://www.inaturalist.org/photos/161474921;;;;;22/09/2021 23:06;Alyona Ruchka;;iNaturalist;http://creativecommons.org/licenses/by/4.0/;Alyona Ruchka
4011553737;StillImage;image/jpeg;https://inaturalist-open-data.s3.amazonaws.com/photos/249481474/original.jpg;https://www.inaturalist.org/photos/249481474;;;;;04/10/2014 19:59;Felipe Hidalgo;;iNaturalist;http://creativecommons.org/licenses/by-nc/4.0/;Felipe Hidalgo
4009882523;StillImage;image/jpeg;https://inaturalist-open-data.s3.amazonaws.com/photos/228127079/original.jpeg;https://www.inaturalist.org/photos/228127079;;;;;05/09/2022 21:19;François Kuborn;;iNaturalist;http://creativecommons.org/licenses/by-nc/4.0/;François Kuborn
4006736537;StillImage;image/jpeg;https://inaturalist-open-data.s3.amazonaws.com/photos/228436160/original.jpg;https://www.inaturalist.org/photos/228436160;;;;;07/09/2022 18:17;Todd Patterson;;iNaturalist;http://creativecommons.org/licenses/by/4.0/;Todd Patterson
4006736537;StillImage;image/jpeg;https://inaturalist-open-data.s3.amazonaws.com/photos/228436317/original.jpg;https://www.inaturalist.org/photos/228436317;;;;;07/09/2022 18:17;Todd Patterson;;iNaturalist;http://creativecommons.org/licenses/by/4.0/;Todd Patterson
4006698567;StillImage;image/jpeg;https://inaturalist-open-data.s3.amazonaws.com/photos/233959438/original.jpg;https://www.inaturalist.org/photos/233959438;;;;;30/09/2022 17:02;anitagolob;;iNaturalist;http://creativecommons.org/licenses/by-nc/4.0/;anitagolob
4006688584;StillImage;image/jpeg;https://inaturalist-open-data.s3.amazonaws.com/photos/239100287/original.jpeg;https://www.inaturalist.org/photos/239100287;;;;;23/10/2022 1:15;jerry;;iNaturalist;http://creativecommons.org/licenses/by-nc/4.0/;jerry
4006599648;StillImage;image/jpeg;https://inaturalist-open-data.s3.amazonaws.com/photos/245892835/original.jpeg;https://www.inaturalist.org/photos/245892835;;;;;02/11/2022 3:51;Emilie G.;;iNaturalist;http://creativecommons.org/licenses/by-nc/4.0/;Emilie G.
4006599648;StillImage;image/jpeg;https://inaturalist-open-data.s3.amazonaws.com/photos/245892773/original.jpeg;https://www.inaturalist.org/photos/245892773;;;;;02/11/2022 0:05;Emilie G.;;iNaturalist;http://creativecommons.org/licenses/by-nc/4.0/;Emilie G.
4006599648;StillImage;image/jpeg;https://inaturalist-open-data.s3.amazonaws.com/photos/245892855/original.jpeg;https://www.inaturalist.org/photos/245892855;;;;;02/11/2022 3:55;Emilie G.;;iNaturalist;http://creativecommons.org/licenses/by-nc/4.0/;Emilie G.
4006599648;StillImage;image/jpeg;https://inaturalist-open-data.s3.amazonaws.com/photos/245892824/original.jpeg;https://www.inaturalist.org/photos/245892824;;;;;02/11/2022 3:51;Emilie G.;;iNaturalist;http://creativecommons.org/licenses/by-nc/4.0/;Emilie G.
4006599648;StillImage;image/jpeg;https://inaturalist-open-data.s3.amazonaws.com/photos/245892795/original.jpeg;https://www.inaturalist.org/photos/245892795;;;;;02/11/2022 3:51;Emilie G.;;iNaturalist;http://creativecommons.org/licenses/by-nc/4.0/;Emilie G.
4006599648;StillImage;image/jpeg;https://inaturalist-open-data.s3.amazonaws.com/photos/245892816/original.jpeg;https://www.inaturalist.org/photos/245892816;;;;;02/11/2022 3:51;Emilie G.;;iNaturalist;http://creativecommons.org/licenses/by-nc/4.0/;Emilie G.
3994085722;StillImage;image/jpeg;https://inaturalist-open-data.s3.amazonaws.com/photos/246866267/original.jpeg;https://www.inaturalist.org/photos/246866267;;;;;27/08/2022 21:47;Claudio Flamigni;;iNaturalist;http://creativecommons.org/licenses/by-nc/4.0/;Claudio Flamigni
3994085722;StillImage;image/jpeg;https://inaturalist-open-data.s3.amazonaws.com/photos/246863325/original.jpeg;https://www.inaturalist.org/photos/246863325;;;;;27/08/2022 21:48;Claudio Flamigni;;iNaturalist;http://creativecommons.org/licenses/by-nc/4.0/;Claudio Flamigni
3994085722;StillImage;image/jpeg;https://inaturalist-open-data.s3.amazonaws.com/photos/246866269/original.jpeg;https://www.inaturalist.org/photos/246866269;;;;;27/08/2022 21:48;Claudio Flamigni;;iNaturalist;http://creativecommons.org/licenses/by-nc/4.0/;Claudio Flamigni
3947755256;StillImage;image/jpeg;https://inaturalist-open-data.s3.amazonaws.com/photos/238740133/original.jpg;https://www.inaturalist.org/photos/238740133;;;;;21/10/2022 17:12;leforain;;iNaturalist;http://creativecommons.org/licenses/by-nc/4.0/;leforain
3947575192;StillImage;image/jpeg;https://inaturalist-open-data.s3.amazonaws.com/photos/236925239/original.jpeg;https://www.inaturalist.org/photos/236925239;;;;;13/10/2022 17:35;Matthew Prince;;iNaturalist;http://creativecommons.org/licenses/by-nc/4.0/;Matthew Prince
3947575192;StillImage;image/jpeg;https://inaturalist-open-data.s3.amazonaws.com/photos/236925296/original.jpeg;https://www.inaturalist.org/photos/236925296;;;;;13/10/2022 17:35;Matthew Prince;;iNaturalist;http://creativecommons.org/licenses/by-nc/4.0/;Matthew Prince
3947575192;StillImage;image/jpeg;https://inaturalist-open-data.s3.amazonaws.com/photos/236925185/original.jpeg;https://www.inaturalist.org/photos/236925185;;;;;13/10/2022 17:38;Matthew Prince;;iNaturalist;http://creativecommons.org/licenses/by-nc/4.0/;Matthew Prince
3947575192;StillImage;image/jpeg;https://inaturalist-open-data.s3.amazonaws.com/photos/236925203/original.jpeg;https://www.inaturalist.org/photos/236925203;;;;;13/10/2022 17:37;Matthew Prince;;iNaturalist;http://creativecommons.org/licenses/by-nc/4.0/;Matthew Prince
3947575192;StillImage;image/jpeg;https://inaturalist-open-data.s3.amazonaws.com/photos/236925269/original.jpeg;https://www.inaturalist.org/photos/236925269;;;;;13/10/2022 17:35;Matthew Prince;;iNaturalist;http://creativecommons.org/licenses/by-nc/4.0/;Matthew Prince
3947575192;StillImage;image/jpeg;https://inaturalist-open-data.s3.amazonaws.com/photos/236925256/original.jpeg;https://www.inaturalist.org/photos/236925256;;;;;13/10/2022 17:35;Matthew Prince;;iNaturalist;http://creativecommons.org/licenses/by-nc/4.0/;Matthew Prince
3947575192;StillImage;image/jpeg;https://inaturalist-open-data.s3.amazonaws.com/photos/236925284/original.jpeg;https://www.inaturalist.org/photos/236925284;;;;;13/10/2022 17:35;Matthew Prince;;iNaturalist;http://creativecommons.org/licenses/by-nc/4.0/;Matthew Prince
3947575192;StillImage;image/jpeg;https://inaturalist-open-data.s3.amazonaws.com/photos/236925230/original.jpeg;https://www.inaturalist.org/photos/236925230;;;;;13/10/2022 17:37;Matthew Prince;;iNaturalist;http://creativecommons.org/licenses/by-nc/4.0/;Matthew Prince
3947575192;StillImage;image/jpeg;https://inaturalist-open-data.s3.amazonaws.com/photos/236925218/original.jpeg;https://www.inaturalist.org/photos/236925218;;;;;13/10/2022 17:37;Matthew Prince;;iNaturalist;http://creativecommons.org/licenses/by-nc/4.0/;Matthew Prince
3947432913;StillImage;image/jpeg;https://inaturalist-open-data.s3.amazonaws.com/photos/234727544/original.jpeg;https://www.inaturalist.org/photos/234727544;;;;;07/09/2022 3:44;czechforest;;iNaturalist;http://creativecommons.org/licenses/by-nc/4.0/;czechforest
3947411395;StillImage;image/jpeg;https://inaturalist-open-data.s3.amazonaws.com/photos/237134795/original.jpeg;https://www.inaturalist.org/photos/237134795;;;;;14/10/2022 18:26;Massimo Tabone;;iNaturalist;http://creativecommons.org/licenses/by-nc/4.0/;Massimo Tabone
3947411395;StillImage;image/jpeg;https://inaturalist-open-data.s3.amazonaws.com/photos/237134815/original.jpeg;https://www.inaturalist.org/photos/237134815;;;;;14/10/2022 18:26;Massimo Tabone;;iNaturalist;http://creativecommons.org/licenses/by-nc/4.0/;Massimo Tabone
3923669203;StillImage;image/jpeg;https://inaturalist-open-data.s3.amazonaws.com/photos/234131556/original.jpg;https://www.inaturalist.org/photos/234131556;;;;;01/10/2022 2:00;Artificialist;;iNaturalist;http://creativecommons.org/licenses/by-nc/4.0/;Artificialist
3923669203;StillImage;image/jpeg;https://inaturalist-open-data.s3.amazonaws.com/photos/234131755/original.jpg;https://www.inaturalist.org/photos/234131755;;;;;01/10/2022 2:00;Artificialist;;iNaturalist;http://creativecommons.org/licenses/by-nc/4.0/;Artificialist
3923669203;StillImage;image/jpeg;https://inaturalist-open-data.s3.amazonaws.com/photos/234131759/original.jpg;https://www.inaturalist.org/photos/234131759;;;;;01/10/2022 2:00;Artificialist;;iNaturalist;http://creativecommons.org/licenses/by-nc/4.0/;Artificialist
3923461735;StillImage;image/jpeg;https://inaturalist-open-data.s3.amazonaws.com/photos/232813263/original.jpg;https://www.inaturalist.org/photos/232813263;;;;;25/09/2022 14:07;wolff christiane;;iNaturalist;http://creativecommons.org/licenses/by-nc/4.0/;wolff christiane
3923461735;StillImage;image/jpeg;https://inaturalist-open-data.s3.amazonaws.com/photos/232813300/original.jpg;https://www.inaturalist.org/photos/232813300;;;;;25/09/2022 14:07;wolff christiane;;iNaturalist;http://creativecommons.org/licenses/by-nc/4.0/;wolff christiane
3923461735;StillImage;image/jpeg;https://inaturalist-open-data.s3.amazonaws.com/photos/232813281/original.jpg;https://www.inaturalist.org/photos/232813281;;;;;25/09/2022 14:07;wolff christiane;;iNaturalist;http://creativecommons.org/licenses/by-nc/4.0/;wolff christiane
3923461735;StillImage;image/jpeg;https://inaturalist-open-data.s3.amazonaws.com/photos/232813218/original.jpg;https://www.inaturalist.org/photos/232813218;;;;;25/09/2022 14:07;wolff christiane;;iNaturalist;http://creativecommons.org/licenses/by-nc/4.0/;wolff christiane
3923461735;StillImage;image/jpeg;https://inaturalist-open-data.s3.amazonaws.com/photos/232813243/original.jpg;https://www.inaturalist.org/photos/232813243;;;;;25/09/2022 14:07;wolff christiane;;iNaturalist;http://creativecommons.org/licenses/by-nc/4.0/;wolff christiane
3923367648;StillImage;image/jpeg;https://inaturalist-open-data.s3.amazonaws.com/photos/228820934/original.jpeg;https://www.inaturalist.org/photos/228820934;;;;;09/09/2022 1:40;Vdp Martine;;iNaturalist;http://creativecommons.org/licenses/by-nc/4.0/;Vdp Martine
3923367648;StillImage;image/jpeg;https://inaturalist-open-data.s3.amazonaws.com/photos/228820964/original.jpeg;https://www.inaturalist.org/photos/228820964;;;;;09/09/2022 1:40;Vdp Martine;;iNaturalist;http://creativecommons.org/licenses/by-nc/4.0/;Vdp Martine
3923367648;StillImage;image/jpeg;https://inaturalist-open-data.s3.amazonaws.com/photos/228820899/original.jpeg;https://www.inaturalist.org/photos/228820899;;;;;09/09/2022 1:40;Vdp Martine;;iNaturalist;http://creativecommons.org/licenses/by-nc/4.0/;Vdp Martine
3923255937;StillImage;image/jpeg;https://inaturalist-open-data.s3.amazonaws.com/photos/233696043/original.jpg;https://www.inaturalist.org/photos/233696043;;;;;11/09/2022 10:29;carinasteiner;;iNaturalist;http://creativecommons.org/licenses/by-nc/4.0/;carinasteiner
3915508196;StillImage;image/jpeg;https://inaturalist-open-data.s3.amazonaws.com/photos/232382051/original.jpeg;https://www.inaturalist.org/photos/232382051;;;;;24/09/2022 4:51;Alina Burmistrova;;iNaturalist;http://creativecommons.org/licenses/by-nc/4.0/;Alina Burmistrova
3915508196;StillImage;image/jpeg;https://inaturalist-open-data.s3.amazonaws.com/photos/232381986/original.jpeg;https://www.inaturalist.org/photos/232381986;;;;;24/09/2022 3:56;Alina Burmistrova;;iNaturalist;http://creativecommons.org/licenses/by-nc/4.0/;Alina Burmistrova
3915508196;StillImage;image/jpeg;https://inaturalist-open-data.s3.amazonaws.com/photos/232382010/original.jpeg;https://www.inaturalist.org/photos/232382010;;;;;24/09/2022 3:56;Alina Burmistrova;;iNaturalist;http://creativecommons.org/licenses/by-nc/4.0/;Alina Burmistrova
3915508196;StillImage;image/jpeg;https://inaturalist-open-data.s3.amazonaws.com/photos/232382074/original.jpeg;https://www.inaturalist.org/photos/232382074;;;;;24/09/2022 4:49;Alina Burmistrova;;iNaturalist;http://creativecommons.org/licenses/by-nc/4.0/;Alina Burmistrova
3915508196;StillImage;image/jpeg;https://inaturalist-open-data.s3.amazonaws.com/photos/232382028/original.jpeg;https://www.inaturalist.org/photos/232382028;;;;;24/09/2022 4:49;Alina Burmistrova;;iNaturalist;http://creativecommons.org/licenses/by-nc/4.0/;Alina Burmistrova
3915496786;StillImage;image/jpeg;https://inaturalist-open-data.s3.amazonaws.com/photos/230463437/original.jpeg;https://www.inaturalist.org/photos/230463437;;;;;03/09/2022 1:47;Konstantin Samoilov;;iNaturalist;http://creativecommons.org/licenses/by-nc/4.0/;Konstantin Samoilov
3915496786;StillImage;image/jpeg;https://inaturalist-open-data.s3.amazonaws.com/photos/230463407/original.jpeg;https://www.inaturalist.org/photos/230463407;;;;;03/09/2022 1:48;Konstantin Samoilov;;iNaturalist;http://creativecommons.org/licenses/by-nc/4.0/;Konstantin Samoilov
3915484730;StillImage;image/jpeg;https://inaturalist-open-data.s3.amazonaws.com/photos/228935638/original.jpg;https://www.inaturalist.org/photos/228935638;;;;;08/09/2022 17:21;fabnobili;;iNaturalist;http://creativecommons.org/licenses/by-nc/4.0/;fabnobili
3915477003;StillImage;image/jpeg;https://inaturalist-open-data.s3.amazonaws.com/photos/232281053/original.jpeg;https://www.inaturalist.org/photos/232281053;;;;;19/09/2022 21:58;xreboud;;iNaturalist;http://creativecommons.org/licenses/by-nc/4.0/;xreboud
3915458749;StillImage;image/jpeg;https://inaturalist-open-data.s3.amazonaws.com/photos/231949035/original.jpg;https://www.inaturalist.org/photos/231949035;;;;;22/09/2022 0:39;Piermario Maculan;;iNaturalist;http://creativecommons.org/licenses/by-nc/4.0/;Piermario Maculan
3915458749;StillImage;image/jpeg;https://inaturalist-open-data.s3.amazonaws.com/photos/231949037/original.jpg;https://www.inaturalist.org/photos/231949037;;;;;22/09/2022 0:45;Piermario Maculan;;iNaturalist;http://creativecommons.org/licenses/by-nc/4.0/;Piermario Maculan
3915458749;StillImage;image/jpeg;https://inaturalist-open-data.s3.amazonaws.com/photos/231949039/original.jpg;https://www.inaturalist.org/photos/231949039;;;;;21/09/2022 20:24;Piermario Maculan;;iNaturalist;http://creativecommons.org/licenses/by-nc/4.0/;Piermario Maculan
3915458749;StillImage;image/jpeg;https://inaturalist-open-data.s3.amazonaws.com/photos/231949046/original.jpg;https://www.inaturalist.org/photos/231949046;;;;;22/09/2022 0:44;Piermario Maculan;;iNaturalist;http://creativecommons.org/licenses/by-nc/4.0/;Piermario Maculan
3915458749;StillImage;image/jpeg;https://inaturalist-open-data.s3.amazonaws.com/photos/231949044/original.jpg;https://www.inaturalist.org/photos/231949044;;;;;22/09/2022 0:45;Piermario Maculan;;iNaturalist;http://creativecommons.org/licenses/by-nc/4.0/;Piermario Maculan
3915458749;StillImage;image/jpeg;https://inaturalist-open-data.s3.amazonaws.com/photos/231948126/original.jpg;https://www.inaturalist.org/photos/231948126;;;;;21/09/2022 20:24;Piermario Maculan;;iNaturalist;http://creativecommons.org/licenses/by-nc/4.0/;Piermario Maculan
3915419828;StillImage;image/jpeg;https://inaturalist-open-data.s3.amazonaws.com/photos/231183712/original.jpeg;https://www.inaturalist.org/photos/231183712;;;;;18/09/2022 17:34;Davide G. Borin;;iNaturalist;http://creativecommons.org/licenses/by-nc/4.0/;Davide G. Borin
3915419828;StillImage;image/jpeg;https://inaturalist-open-data.s3.amazonaws.com/photos/231183495/original.jpeg;https://www.inaturalist.org/photos/231183495;;;;;18/09/2022 17:34;Davide G. Borin;;iNaturalist;http://creativecommons.org/licenses/by-nc/4.0/;Davide G. Borin
3915270652;StillImage;image/jpeg;https://inaturalist-open-data.s3.amazonaws.com/photos/232363155/original.jpg;https://www.inaturalist.org/photos/232363155;;;;;23/09/2022 18:23;Todd Patterson;;iNaturalist;http://creativecommons.org/licenses/by/4.0/;Todd Patterson
3912178275;StillImage;image/jpeg;https://inaturalist-open-data.s3.amazonaws.com/photos/230286333/original.jpeg;https://www.inaturalist.org/photos/230286333;;;;;28/08/2022 20:20;Allegra;;iNaturalist;http://creativecommons.org/licenses/by-nc/4.0/;Allegra
3903661587;StillImage;image/jpeg;https://inaturalist-open-data.s3.amazonaws.com/photos/229477998/original.jpeg;https://www.inaturalist.org/photos/229477998;;;;;11/09/2022 16:36;m.vogel;;iNaturalist;http://creativecommons.org/licenses/by-nc/4.0/;m.vogel
3903661587;StillImage;image/jpeg;https://inaturalist-open-data.s3.amazonaws.com/photos/229478053/original.jpeg;https://www.inaturalist.org/photos/229478053;;;;;11/09/2022 16:36;m.vogel;;iNaturalist;http://creativecommons.org/licenses/by-nc/4.0/;m.vogel
3903586978;StillImage;image/jpeg;https://inaturalist-open-data.s3.amazonaws.com/photos/227939110/original.jpeg;https://www.inaturalist.org/photos/227939110;;;;;06/09/2022 4:14;Boris Mittermeier;;iNaturalist;http://creativecommons.org/licenses/by-nc/4.0/;Boris Mittermeier
3903578210;StillImage;image/jpeg;https://inaturalist-open-data.s3.amazonaws.com/photos/229503017/original.jpeg;https://www.inaturalist.org/photos/229503017;;;;;11/09/2022 23:58;Alessia Guggisberg;;iNaturalist;http://creativecommons.org/licenses/by/4.0/;Alessia Guggisberg
3903578210;StillImage;image/jpeg;https://inaturalist-open-data.s3.amazonaws.com/photos/229503121/original.jpeg;https://www.inaturalist.org/photos/229503121;;;;;12/09/2022 0:01;Alessia Guggisberg;;iNaturalist;http://creativecommons.org/licenses/by/4.0/;Alessia Guggisberg
3903578210;StillImage;image/jpeg;https://inaturalist-open-data.s3.amazonaws.com/photos/229503160/original.jpeg;https://www.inaturalist.org/photos/229503160;;;;;12/09/2022 0:10;Alessia Guggisberg;;iNaturalist;http://creativecommons.org/licenses/by/4.0/;Alessia Guggisberg
3903578210;StillImage;image/jpeg;https://inaturalist-open-data.s3.amazonaws.com/photos/229503045/original.jpeg;https://www.inaturalist.org/photos/229503045;;;;;11/09/2022 23:58;Alessia Guggisberg;;iNaturalist;http://creativecommons.org/licenses/by/4.0/;Alessia Guggisberg
3903578210;StillImage;image/jpeg;https://inaturalist-open-data.s3.amazonaws.com/photos/229502985/original.jpeg;https://www.inaturalist.org/photos/229502985;;;;;11/09/2022 23:59;Alessia Guggisberg;;iNaturalist;http://creativecommons.org/licenses/by/4.0/;Alessia Guggisberg
3903578210;StillImage;image/jpeg;https://inaturalist-open-data.s3.amazonaws.com/photos/229503078/original.jpeg;https://www.inaturalist.org/photos/229503078;;;;;11/09/2022 23:59;Alessia Guggisberg;;iNaturalist;http://creativecommons.org/licenses/by/4.0/;Alessia Guggisberg
3903534038;StillImage;image/jpeg;https://inaturalist-open-data.s3.amazonaws.com/photos/228190739/original.jpeg;https://www.inaturalist.org/photos/228190739;;;;;29/08/2022 2:02;Luca Corradi;;iNaturalist;http://creativecommons.org/licenses/by-nc/4.0/;Luca Corradi
3903345389;StillImage;image/jpeg;https://inaturalist-open-data.s3.amazonaws.com/photos/228638164/original.jpeg;https://www.inaturalist.org/photos/228638164;;;;;08/09/2022 0:12;Alain Michaud;;iNaturalist;http://creativecommons.org/licenses/by-nc/4.0/;Alain Michaud
3903345389;StillImage;image/jpeg;https://inaturalist-open-data.s3.amazonaws.com/photos/228638279/original.jpeg;https://www.inaturalist.org/photos/228638279;;;;;08/09/2022 0:51;Alain Michaud;;iNaturalist;http://creativecommons.org/licenses/by-nc/4.0/;Alain Michaud
3903345389;StillImage;image/jpeg;https://inaturalist-open-data.s3.amazonaws.com/photos/228637989/original.jpeg;https://www.inaturalist.org/photos/228637989;;;;;08/09/2022 0:09;Alain Michaud;;iNaturalist;http://creativecommons.org/licenses/by-nc/4.0/;Alain Michaud
3903345389;StillImage;image/jpeg;https://inaturalist-open-data.s3.amazonaws.com/photos/228638209/original.jpeg;https://www.inaturalist.org/photos/228638209;;;;;08/09/2022 0:16;Alain Michaud;;iNaturalist;http://creativecommons.org/licenses/by-nc/4.0/;Alain Michaud
3903345389;StillImage;image/jpeg;https://inaturalist-open-data.s3.amazonaws.com/photos/228637937/original.jpeg;https://www.inaturalist.org/photos/228637937;;;;;08/09/2022 0:10;Alain Michaud;;iNaturalist;http://creativecommons.org/licenses/by-nc/4.0/;Alain Michaud
3903345389;StillImage;image/jpeg;https://inaturalist-open-data.s3.amazonaws.com/photos/228638107/original.jpeg;https://www.inaturalist.org/photos/228638107;;;;;08/09/2022 0:12;Alain Michaud;;iNaturalist;http://creativecommons.org/licenses/by-nc/4.0/;Alain Michaud
3903345389;StillImage;image/jpeg;https://inaturalist-open-data.s3.amazonaws.com/photos/228637703/original.jpeg;https://www.inaturalist.org/photos/228637703;;;;;08/09/2022 0:14;Alain Michaud;;iNaturalist;http://creativecommons.org/licenses/by-nc/4.0/;Alain Michaud
3903345389;StillImage;image/jpeg;https://inaturalist-open-data.s3.amazonaws.com/photos/228635162/original.jpeg;https://www.inaturalist.org/photos/228635162;;;;;07/09/2022 23:55;Alain Michaud;;iNaturalist;http://creativecommons.org/licenses/by-nc/4.0/;Alain Michaud
3903345389;StillImage;image/jpeg;https://inaturalist-open-data.s3.amazonaws.com/photos/228637761/original.jpeg;https://www.inaturalist.org/photos/228637761;;;;;07/09/2022 23:54;Alain Michaud;;iNaturalist;http://creativecommons.org/licenses/by-nc/4.0/;Alain Michaud
3903345389;StillImage;image/jpeg;https://inaturalist-open-data.s3.amazonaws.com/photos/228638060/original.jpeg;https://www.inaturalist.org/photos/228638060;;;;;08/09/2022 0:09;Alain Michaud;;iNaturalist;http://creativecommons.org/licenses/by-nc/4.0/;Alain Michaud
3903345389;StillImage;image/jpeg;https://inaturalist-open-data.s3.amazonaws.com/photos/228637638/original.jpeg;https://www.inaturalist.org/photos/228637638;;;;;07/09/2022 23:55;Alain Michaud;;iNaturalist;http://creativecommons.org/licenses/by-nc/4.0/;Alain Michaud
3903345389;StillImage;image/jpeg;https://inaturalist-open-data.s3.amazonaws.com/photos/228637890/original.jpeg;https://www.inaturalist.org/photos/228637890;;;;;08/09/2022 0:01;Alain Michaud;;iNaturalist;http://creativecommons.org/licenses/by-nc/4.0/;Alain Michaud
3903345389;StillImage;image/jpeg;https://inaturalist-open-data.s3.amazonaws.com/photos/228637822/original.jpeg;https://www.inaturalist.org/photos/228637822;;;;;07/09/2022 23:57;Alain Michaud;;iNaturalist;http://creativecommons.org/licenses/by-nc/4.0/;Alain Michaud
3902698650;StillImage;image/jpeg;https://inaturalist-open-data.s3.amazonaws.com/photos/228129311/original.jpg;https://www.inaturalist.org/photos/228129311;;;;;04/09/2022 10:17;Enrico Tomschke;;iNaturalist;http://creativecommons.org/licenses/by/4.0/;Enrico Tomschke
3902698650;StillImage;image/jpeg;https://inaturalist-open-data.s3.amazonaws.com/photos/228129304/original.jpg;https://www.inaturalist.org/photos/228129304;;;;;04/09/2022 10:17;Enrico Tomschke;;iNaturalist;http://creativecommons.org/licenses/by/4.0/;Enrico Tomschke
3902698650;StillImage;image/jpeg;https://inaturalist-open-data.s3.amazonaws.com/photos/228129301/original.jpg;https://www.inaturalist.org/photos/228129301;;;;;04/09/2022 10:17;Enrico Tomschke;;iNaturalist;http://creativecommons.org/licenses/by/4.0/;Enrico Tomschke
3902698650;StillImage;image/jpeg;https://inaturalist-open-data.s3.amazonaws.com/photos/228129289/original.jpg;https://www.inaturalist.org/photos/228129289;;;;;04/09/2022 10:17;Enrico Tomschke;;iNaturalist;http://creativecommons.org/licenses/by/4.0/;Enrico Tomschke
3902262106;StillImage;image/jpeg;https://inaturalist-open-data.s3.amazonaws.com/photos/222953788/original.jpeg;https://www.inaturalist.org/photos/222953788;;;;;16/08/2022 19:14;Purnendu Roy;;iNaturalist;http://creativecommons.org/licenses/by-nc/4.0/;Purnendu Roy
3902262106;StillImage;image/jpeg;https://inaturalist-open-data.s3.amazonaws.com/photos/222953801/original.jpeg;https://www.inaturalist.org/photos/222953801;;;;;16/08/2022 19:16;Purnendu Roy;;iNaturalist;http://creativecommons.org/licenses/by-nc/4.0/;Purnendu Roy
3902262106;StillImage;image/jpeg;https://inaturalist-open-data.s3.amazonaws.com/photos/222953820/original.jpeg;https://www.inaturalist.org/photos/222953820;;;;;16/08/2022 19:16;Purnendu Roy;;iNaturalist;http://creativecommons.org/licenses/by-nc/4.0/;Purnendu Roy
3902262106;StillImage;image/jpeg;https://inaturalist-open-data.s3.amazonaws.com/photos/222953811/original.jpeg;https://www.inaturalist.org/photos/222953811;;;;;16/08/2022 19:15;Purnendu Roy;;iNaturalist;http://creativecommons.org/licenses/by-nc/4.0/;Purnendu Roy
3902262106;StillImage;image/jpeg;https://inaturalist-open-data.s3.amazonaws.com/photos/222953712/original.jpeg;https://www.inaturalist.org/photos/222953712;;;;;16/08/2022 19:14;Purnendu Roy;;iNaturalist;http://creativecommons.org/licenses/by-nc/4.0/;Purnendu Roy
3892414636;StillImage;image/jpeg;https://inaturalist-open-data.s3.amazonaws.com/photos/221526019/original.jpeg;https://www.inaturalist.org/photos/221526019;;;;;11/08/2022 0:31;Petzenbär;;iNaturalist;http://creativecommons.org/licenses/by-nc/4.0/;Petzenbär
3892414636;StillImage;image/jpeg;https://inaturalist-open-data.s3.amazonaws.com/photos/221526193/original.jpeg;https://www.inaturalist.org/photos/221526193;;;;;11/08/2022 0:32;Petzenbär;;iNaturalist;http://creativecommons.org/licenses/by-nc/4.0/;Petzenbär
3892414636;StillImage;image/jpeg;https://inaturalist-open-data.s3.amazonaws.com/photos/221526243/original.jpeg;https://www.inaturalist.org/photos/221526243;;;;;11/08/2022 0:32;Petzenbär;;iNaturalist;http://creativecommons.org/licenses/by-nc/4.0/;Petzenbär
3892414636;StillImage;image/jpeg;https://inaturalist-open-data.s3.amazonaws.com/photos/221526337/original.jpeg;https://www.inaturalist.org/photos/221526337;;;;;11/08/2022 0:33;Petzenbär;;iNaturalist;http://creativecommons.org/licenses/by-nc/4.0/;Petzenbär
3892414636;StillImage;image/jpeg;https://inaturalist-open-data.s3.amazonaws.com/photos/221526083/original.jpeg;https://www.inaturalist.org/photos/221526083;;;;;11/08/2022 0:31;Petzenbär;;iNaturalist;http://creativecommons.org/licenses/by-nc/4.0/;Petzenbär
3892414636;StillImage;image/jpeg;https://inaturalist-open-data.s3.amazonaws.com/photos/221526140/original.jpeg;https://www.inaturalist.org/photos/221526140;;;;;11/08/2022 0:32;Petzenbär;;iNaturalist;http://creativecommons.org/licenses/by-nc/4.0/;Petzenbär
3892414636;StillImage;image/jpeg;https://inaturalist-open-data.s3.amazonaws.com/photos/221526293/original.jpeg;https://www.inaturalist.org/photos/221526293;;;;;11/08/2022 0:33;Petzenbär;;iNaturalist;http://creativecommons.org/licenses/by-nc/4.0/;Petzenbär
3892319658;StillImage;image/jpeg;https://inaturalist-open-data.s3.amazonaws.com/photos/221525766/original.jpeg;https://www.inaturalist.org/photos/221525766;;;;;11/08/2022 0:30;Petzenbär;;iNaturalist;http://creativecommons.org/licenses/by-nc/4.0/;Petzenbär
3892319658;StillImage;image/jpeg;https://inaturalist-open-data.s3.amazonaws.com/photos/221525901/original.jpeg;https://www.inaturalist.org/photos/221525901;;;;;11/08/2022 0:31;Petzenbär;;iNaturalist;http://creativecommons.org/licenses/by-nc/4.0/;Petzenbär
3892319658;StillImage;image/jpeg;https://inaturalist-open-data.s3.amazonaws.com/photos/221525964/original.jpeg;https://www.inaturalist.org/photos/221525964;;;;;11/08/2022 0:31;Petzenbär;;iNaturalist;http://creativecommons.org/licenses/by-nc/4.0/;Petzenbär
3892319658;StillImage;image/jpeg;https://inaturalist-open-data.s3.amazonaws.com/photos/221525823/original.jpeg;https://www.inaturalist.org/photos/221525823;;;;;11/08/2022 0:31;Petzenbär;;iNaturalist;http://creativecommons.org/licenses/by-nc/4.0/;Petzenbär
3873962283;StillImage;image/jpeg;https://inaturalist-open-data.s3.amazonaws.com/photos/214952540/original.jpeg;https://www.inaturalist.org/photos/214952540;;;;;18/07/2022 4:08;Sven Bacher;;iNaturalist;http://creativecommons.org/licenses/by-nc/4.0/;Sven Bacher
3873847456;StillImage;image/jpeg;https://inaturalist-open-data.s3.amazonaws.com/photos/212765851/original.jpg;https://www.inaturalist.org/photos/212765851;;;;;09/07/2022 11:23;ecp26;;iNaturalist;http://creativecommons.org/licenses/by-nc/4.0/;ecp26
3873847456;StillImage;image/jpeg;https://inaturalist-open-data.s3.amazonaws.com/photos/212765915/original.jpg;https://www.inaturalist.org/photos/212765915;;;;;09/07/2022 11:23;ecp26;;iNaturalist;http://creativecommons.org/licenses/by-nc/4.0/;ecp26
3873847456;StillImage;image/jpeg;https://inaturalist-open-data.s3.amazonaws.com/photos/212765972/original.jpg;https://www.inaturalist.org/photos/212765972;;;;;09/07/2022 11:23;ecp26;;iNaturalist;http://creativecommons.org/licenses/by-nc/4.0/;ecp26
3873847456;StillImage;image/jpeg;https://inaturalist-open-data.s3.amazonaws.com/photos/212766032/original.jpg;https://www.inaturalist.org/photos/212766032;;;;;09/07/2022 11:23;ecp26;;iNaturalist;http://creativecommons.org/licenses/by-nc/4.0/;ecp26
3873227170;StillImage;image/jpeg;https://inaturalist-open-data.s3.amazonaws.com/photos/214030055/original.jpg;https://www.inaturalist.org/photos/214030055;;;;;13/07/2022 10:53;ajka;;iNaturalist;http://creativecommons.org/licenses/by-nc/4.0/;ajka
3860193158;StillImage;image/jpeg;https://inaturalist-open-data.s3.amazonaws.com/photos/207016314/original.jpeg;https://www.inaturalist.org/photos/207016314;;;;;08/10/2006 4:20;Alain Roujas;;iNaturalist;http://creativecommons.org/licenses/by-nc/4.0/;Alain Roujas
3858895803;StillImage;image/jpeg;https://inaturalist-open-data.s3.amazonaws.com/photos/210390233/original.jpg;https://www.inaturalist.org/photos/210390233;;;;;10/09/2017 12:49;Максим Стефанович;;iNaturalist;http://creativecommons.org/licenses/by-nc/4.0/;Максим Стефанович
3764522924;StillImage;image/jpeg;https://inaturalist-open-data.s3.amazonaws.com/photos/190630443/original.jpg;https://www.inaturalist.org/photos/190630443;;;;;05/08/2012 4:55;Tatiana Svetasheva;;iNaturalist;http://creativecommons.org/licenses/by-nc/4.0/;Tatiana Svetasheva
3764522924;StillImage;image/jpeg;https://inaturalist-open-data.s3.amazonaws.com/photos/190630415/original.jpeg;https://www.inaturalist.org/photos/190630415;;;;;05/08/2012 5:04;Tatiana Svetasheva;;iNaturalist;http://creativecommons.org/licenses/by-nc/4.0/;Tatiana Svetasheva
3759553682;StillImage;image/jpeg;https://inaturalist-open-data.s3.amazonaws.com/photos/151832350/original.jpeg;https://www.inaturalist.org/photos/151832350;;;;;16/08/2021 23:52;Дауд Арсанукаев;;iNaturalist;http://creativecommons.org/licenses/by/4.0/;Дауд Арсанукаев
3759414894;StillImage;image/jpeg;https://inaturalist-open-data.s3.amazonaws.com/photos/188082885/original.jpeg;https://www.inaturalist.org/photos/188082885;;;;;28/09/2018 20:10;pacovillalonga;;iNaturalist;http://creativecommons.org/licenses/by-nc/4.0/;pacovillalonga
3759414894;StillImage;image/jpeg;https://inaturalist-open-data.s3.amazonaws.com/photos/188082738/original.jpeg;https://www.inaturalist.org/photos/188082738;;;;;28/09/2018 20:10;pacovillalonga;;iNaturalist;http://creativecommons.org/licenses/by-nc/4.0/;pacovillalonga
3759414894;StillImage;image/jpeg;https://inaturalist-open-data.s3.amazonaws.com/photos/188082829/original.jpeg;https://www.inaturalist.org/photos/188082829;;;;;28/09/2018 20:09;pacovillalonga;;iNaturalist;http://creativecommons.org/licenses/by-nc/4.0/;pacovillalonga
3759414894;StillImage;image/jpeg;https://inaturalist-open-data.s3.amazonaws.com/photos/188082660/original.jpeg;https://www.inaturalist.org/photos/188082660;;;;;28/09/2018 20:08;pacovillalonga;;iNaturalist;http://creativecommons.org/licenses/by-nc/4.0/;pacovillalonga
3466308859;StillImage;image/jpeg;https://inaturalist-open-data.s3.amazonaws.com/photos/162410366/original.jpg;https://www.inaturalist.org/photos/162410366;;;;;09/10/2021 11:04;Alberto Tamietti;;iNaturalist;http://creativecommons.org/licenses/by-nc/4.0/;Alberto Tamietti
3466308859;StillImage;image/jpeg;https://inaturalist-open-data.s3.amazonaws.com/photos/162410253/original.jpg;https://www.inaturalist.org/photos/162410253;;;;;09/10/2021 11:04;Alberto Tamietti;;iNaturalist;http://creativecommons.org/licenses/by-nc/4.0/;Alberto Tamietti
3466181359;StillImage;image/jpeg;https://inaturalist-open-data.s3.amazonaws.com/photos/96759829/original.jpg;https://www.inaturalist.org/photos/96759829;;;;;22/09/2020 15:11;max_2324;;iNaturalist;http://creativecommons.org/licenses/by-nc/4.0/;max_2324
3466181359;StillImage;image/jpeg;https://inaturalist-open-data.s3.amazonaws.com/photos/96759799/original.jpg;https://www.inaturalist.org/photos/96759799;;;;;22/09/2020 15:11;max_2324;;iNaturalist;http://creativecommons.org/licenses/by-nc/4.0/;max_2324
3466181359;StillImage;image/jpeg;https://inaturalist-open-data.s3.amazonaws.com/photos/96759812/original.jpg;https://www.inaturalist.org/photos/96759812;;;;;22/09/2020 15:11;max_2324;;iNaturalist;http://creativecommons.org/licenses/by-nc/4.0/;max_2324
3466152753;StillImage;image/jpeg;https://inaturalist-open-data.s3.amazonaws.com/photos/156308995/original.jpeg;https://www.inaturalist.org/photos/156308995;;;;;09/09/2021 20:30;Tomas Järnetun;;iNaturalist;http://creativecommons.org/licenses/by-nc/4.0/;Tomas Järnetun
3466115757;StillImage;image/jpeg;https://inaturalist-open-data.s3.amazonaws.com/photos/165846592/original.jpeg;https://www.inaturalist.org/photos/165846592;;;;;26/09/2021 22:47;João Silva;;iNaturalist;http://creativecommons.org/licenses/by-nc/4.0/;João Silva
3466115757;StillImage;image/jpeg;https://inaturalist-open-data.s3.amazonaws.com/photos/165846870/original.jpeg;https://www.inaturalist.org/photos/165846870;;;;;26/09/2021 22:48;João Silva;;iNaturalist;http://creativecommons.org/licenses/by-nc/4.0/;João Silva
3466115757;StillImage;image/jpeg;https://inaturalist-open-data.s3.amazonaws.com/photos/165847270/original.jpeg;https://www.inaturalist.org/photos/165847270;;;;;26/09/2021 22:51;João Silva;;iNaturalist;http://creativecommons.org/licenses/by-nc/4.0/;João Silva
3466115757;StillImage;image/jpeg;https://inaturalist-open-data.s3.amazonaws.com/photos/165847410/original.jpeg;https://www.inaturalist.org/photos/165847410;;;;;26/09/2021 22:52;João Silva;;iNaturalist;http://creativecommons.org/licenses/by-nc/4.0/;João Silva
3466115757;StillImage;image/jpeg;https://inaturalist-open-data.s3.amazonaws.com/photos/165847131/original.jpeg;https://www.inaturalist.org/photos/165847131;;;;;26/09/2021 22:48;João Silva;;iNaturalist;http://creativecommons.org/licenses/by-nc/4.0/;João Silva
3466115757;StillImage;image/jpeg;https://inaturalist-open-data.s3.amazonaws.com/photos/165846456/original.jpeg;https://www.inaturalist.org/photos/165846456;;;;;26/09/2021 22:46;João Silva;;iNaturalist;http://creativecommons.org/licenses/by-nc/4.0/;João Silva
3466115757;StillImage;image/jpeg;https://inaturalist-open-data.s3.amazonaws.com/photos/165846994/original.jpeg;https://www.inaturalist.org/photos/165846994;;;;;26/09/2021 22:48;João Silva;;iNaturalist;http://creativecommons.org/licenses/by-nc/4.0/;João Silva
3466115757;StillImage;image/jpeg;https://inaturalist-open-data.s3.amazonaws.com/photos/165846730/original.jpeg;https://www.inaturalist.org/photos/165846730;;;;;26/09/2021 22:47;João Silva;;iNaturalist;http://creativecommons.org/licenses/by-nc/4.0/;João Silva
3466092376;StillImage;image/jpeg;https://inaturalist-open-data.s3.amazonaws.com/photos/48979687/original.jpg;https://www.inaturalist.org/photos/48979687;;;;;23/08/2019 0:22;René Stalder;;iNaturalist;http://creativecommons.org/licenses/by-nc/4.0/;René Stalder
3466082451;StillImage;image/jpeg;https://inaturalist-open-data.s3.amazonaws.com/photos/101045575/original.jpeg;https://www.inaturalist.org/photos/101045575;;;;;19/10/2020 18:33;Massimo Tabone;;iNaturalist;http://creativecommons.org/licenses/by-nc/4.0/;Massimo Tabone
3466028724;StillImage;image/jpeg;https://inaturalist-open-data.s3.amazonaws.com/photos/151166929/original.jpeg;https://www.inaturalist.org/photos/151166929;;;;;14/10/2012 19:45;Ιωαννης Μαρνιερακις;;iNaturalist;http://creativecommons.org/licenses/by-nc/4.0/;Ιωαννης Μαρνιερακις
3466028724;StillImage;image/jpeg;https://inaturalist-open-data.s3.amazonaws.com/photos/151166908/original.jpeg;https://www.inaturalist.org/photos/151166908;;;;;14/10/2012 19:45;Ιωαννης Μαρνιερακις;;iNaturalist;http://creativecommons.org/licenses/by-nc/4.0/;Ιωαννης Μαρνιερακις
3466028724;StillImage;image/jpeg;https://inaturalist-open-data.s3.amazonaws.com/photos/151166967/original.jpeg;https://www.inaturalist.org/photos/151166967;;;;;14/10/2012 19:46;Ιωαννης Μαρνιερακις;;iNaturalist;http://creativecommons.org/licenses/by-nc/4.0/;Ιωαννης Μαρνιερακις
3466022749;StillImage;image/jpeg;https://inaturalist-open-data.s3.amazonaws.com/photos/161523252/original.jpeg;https://www.inaturalist.org/photos/161523252;;;;;23/09/2021 21:47;Julio;;iNaturalist;http://creativecommons.org/licenses/by-nc/4.0/;Julio
3465960818;StillImage;image/jpeg;https://inaturalist-open-data.s3.amazonaws.com/photos/161523192/original.jpeg;https://www.inaturalist.org/photos/161523192;;;;;23/09/2021 21:46;Julio;;iNaturalist;http://creativecommons.org/licenses/by-nc/4.0/;Julio
3465901509;StillImage;image/jpeg;https://inaturalist-open-data.s3.amazonaws.com/photos/162720152/original.jpeg;https://www.inaturalist.org/photos/162720152;;;;;28/09/2008 22:09;Tatiana Svetasheva;;iNaturalist;http://creativecommons.org/licenses/by-nc/4.0/;Tatiana Svetasheva
3465901509;StillImage;image/jpeg;https://inaturalist-open-data.s3.amazonaws.com/photos/162720176/original.jpeg;https://www.inaturalist.org/photos/162720176;;;;;28/09/2008 22:18;Tatiana Svetasheva;;iNaturalist;http://creativecommons.org/licenses/by-nc/4.0/;Tatiana Svetasheva
3456790960;StillImage;image/jpeg;https://inaturalist-open-data.s3.amazonaws.com/photos/173827700/original.jpeg;https://www.inaturalist.org/photos/173827700;;;;;23/09/2019 0:58;mustafa gökmen;;iNaturalist;http://creativecommons.org/licenses/by-nc/4.0/;mustafa gökmen
3456790960;StillImage;image/jpeg;https://inaturalist-open-data.s3.amazonaws.com/photos/173828080/original.jpeg;https://www.inaturalist.org/photos/173828080;;;;;23/09/2019 0:30;mustafa gökmen;;iNaturalist;http://creativecommons.org/licenses/by-nc/4.0/;mustafa gökmen
3456790960;StillImage;image/jpeg;https://inaturalist-open-data.s3.amazonaws.com/photos/173828085/original.jpeg;https://www.inaturalist.org/photos/173828085;;;;;23/09/2019 0:30;mustafa gökmen;;iNaturalist;http://creativecommons.org/licenses/by-nc/4.0/;mustafa gökmen
3398938558;StillImage;image/jpeg;https://inaturalist-open-data.s3.amazonaws.com/photos/164518037/original.jpeg;https://www.inaturalist.org/photos/164518037;;;;;01/09/2015 1:37;Bojan Šeguljev;;iNaturalist;http://creativecommons.org/licenses/by-nc/4.0/;Bojan Šeguljev
3398938558;StillImage;image/jpeg;https://inaturalist-open-data.s3.amazonaws.com/photos/164518029/original.jpeg;https://www.inaturalist.org/photos/164518029;;;;;01/09/2015 1:37;Bojan Šeguljev;;iNaturalist;http://creativecommons.org/licenses/by-nc/4.0/;Bojan Šeguljev
3398938558;StillImage;image/jpeg;https://inaturalist-open-data.s3.amazonaws.com/photos/164517998/original.jpeg;https://www.inaturalist.org/photos/164517998;;;;;01/09/2015 1:37;Bojan Šeguljev;;iNaturalist;http://creativecommons.org/licenses/by-nc/4.0/;Bojan Šeguljev
3398938558;StillImage;image/jpeg;https://inaturalist-open-data.s3.amazonaws.com/photos/164517990/original.jpeg;https://www.inaturalist.org/photos/164517990;;;;;01/09/2015 1:37;Bojan Šeguljev;;iNaturalist;http://creativecommons.org/licenses/by-nc/4.0/;Bojan Šeguljev
3398938558;StillImage;image/jpeg;https://inaturalist-open-data.s3.amazonaws.com/photos/164518004/original.jpeg;https://www.inaturalist.org/photos/164518004;;;;;01/09/2015 1:38;Bojan Šeguljev;;iNaturalist;http://creativecommons.org/licenses/by-nc/4.0/;Bojan Šeguljev
3398938558;StillImage;image/jpeg;https://inaturalist-open-data.s3.amazonaws.com/photos/164518015/original.jpeg;https://www.inaturalist.org/photos/164518015;;;;;01/09/2015 1:37;Bojan Šeguljev;;iNaturalist;http://creativecommons.org/licenses/by-nc/4.0/;Bojan Šeguljev
3398836584;StillImage;image/jpeg;https://inaturalist-open-data.s3.amazonaws.com/photos/164629677/original.jpeg;https://www.inaturalist.org/photos/164629677;;;;;25/09/2021 20:37;João Silva;;iNaturalist;http://creativecommons.org/licenses/by-nc/4.0/;João Silva
3398836584;StillImage;image/jpeg;https://inaturalist-open-data.s3.amazonaws.com/photos/164629841/original.jpeg;https://www.inaturalist.org/photos/164629841;;;;;25/09/2021 20:37;João Silva;;iNaturalist;http://creativecommons.org/licenses/by-nc/4.0/;João Silva
3398836584;StillImage;image/jpeg;https://inaturalist-open-data.s3.amazonaws.com/photos/164628653/original.jpeg;https://www.inaturalist.org/photos/164628653;;;;;25/09/2021 20:36;João Silva;;iNaturalist;http://creativecommons.org/licenses/by-nc/4.0/;João Silva
3398836584;StillImage;image/jpeg;https://inaturalist-open-data.s3.amazonaws.com/photos/164628462/original.jpeg;https://www.inaturalist.org/photos/164628462;;;;;25/09/2021 20:36;João Silva;;iNaturalist;http://creativecommons.org/licenses/by-nc/4.0/;João Silva
3398836584;StillImage;image/jpeg;https://inaturalist-open-data.s3.amazonaws.com/photos/164630294/original.jpeg;https://www.inaturalist.org/photos/164630294;;;;;25/09/2021 20:38;João Silva;;iNaturalist;http://creativecommons.org/licenses/by-nc/4.0/;João Silva
3398836584;StillImage;image/jpeg;https://inaturalist-open-data.s3.amazonaws.com/photos/164628982/original.jpeg;https://www.inaturalist.org/photos/164628982;;;;;25/09/2021 20:36;João Silva;;iNaturalist;http://creativecommons.org/licenses/by-nc/4.0/;João Silva
3398836584;StillImage;image/jpeg;https://inaturalist-open-data.s3.amazonaws.com/photos/164632083/original.jpeg;https://www.inaturalist.org/photos/164632083;;;;;25/09/2021 20:58;João Silva;;iNaturalist;http://creativecommons.org/licenses/by-nc/4.0/;João Silva
3398836584;StillImage;image/jpeg;https://inaturalist-open-data.s3.amazonaws.com/photos/164629193/original.jpeg;https://www.inaturalist.org/photos/164629193;;;;;25/09/2021 20:36;João Silva;;iNaturalist;http://creativecommons.org/licenses/by-nc/4.0/;João Silva
3398836584;StillImage;image/jpeg;https://inaturalist-open-data.s3.amazonaws.com/photos/164629401/original.jpeg;https://www.inaturalist.org/photos/164629401;;;;;25/09/2021 20:36;João Silva;;iNaturalist;http://creativecommons.org/licenses/by-nc/4.0/;João Silva
3398836584;StillImage;image/jpeg;https://inaturalist-open-data.s3.amazonaws.com/photos/164631918/original.jpeg;https://www.inaturalist.org/photos/164631918;;;;;25/09/2021 20:57;João Silva;;iNaturalist;http://creativecommons.org/licenses/by-nc/4.0/;João Silva
3398836584;StillImage;image/jpeg;https://inaturalist-open-data.s3.amazonaws.com/photos/164632265/original.jpeg;https://www.inaturalist.org/photos/164632265;;;;;25/09/2021 20:58;João Silva;;iNaturalist;http://creativecommons.org/licenses/by-nc/4.0/;João Silva
3398836584;StillImage;image/jpeg;https://inaturalist-open-data.s3.amazonaws.com/photos/164631553/original.jpeg;https://www.inaturalist.org/photos/164631553;;;;;25/09/2021 20:52;João Silva;;iNaturalist;http://creativecommons.org/licenses/by-nc/4.0/;João Silva
3398836584;StillImage;image/jpeg;https://inaturalist-open-data.s3.amazonaws.com/photos/164631745/original.jpeg;https://www.inaturalist.org/photos/164631745;;;;;25/09/2021 20:57;João Silva;;iNaturalist;http://creativecommons.org/licenses/by-nc/4.0/;João Silva
3398836584;StillImage;image/jpeg;https://inaturalist-open-data.s3.amazonaws.com/photos/164630093/original.jpeg;https://www.inaturalist.org/photos/164630093;;;;;25/09/2021 20:38;João Silva;;iNaturalist;http://creativecommons.org/licenses/by-nc/4.0/;João Silva
3391695654;StillImage;image/jpeg;https://inaturalist-open-data.s3.amazonaws.com/photos/162263506/original.jpg;https://www.inaturalist.org/photos/162263506;;;;;04/10/2021 10:35;krismarcela;;iNaturalist;http://creativecommons.org/licenses/by-nc/4.0/;krismarcela
3391695654;StillImage;image/jpeg;https://inaturalist-open-data.s3.amazonaws.com/photos/162263484/original.jpg;https://www.inaturalist.org/photos/162263484;;;;;04/10/2021 10:35;krismarcela;;iNaturalist;http://creativecommons.org/licenses/by-nc/4.0/;krismarcela
3391695654;StillImage;image/jpeg;https://inaturalist-open-data.s3.amazonaws.com/photos/162263444/original.jpg;https://www.inaturalist.org/photos/162263444;;;;;04/10/2021 10:35;krismarcela;;iNaturalist;http://creativecommons.org/licenses/by-nc/4.0/;krismarcela
3391695654;StillImage;image/jpeg;https://inaturalist-open-data.s3.amazonaws.com/photos/162263464/original.jpg;https://www.inaturalist.org/photos/162263464;;;;;04/10/2021 10:35;krismarcela;;iNaturalist;http://creativecommons.org/licenses/by-nc/4.0/;krismarcela
3384918424;StillImage;image/jpeg;https://inaturalist-open-data.s3.amazonaws.com/photos/159819894/original.jpg;https://www.inaturalist.org/photos/159819894;;;;;26/09/2021 12:14;mtbeer;;iNaturalist;http://creativecommons.org/licenses/by-nc/4.0/;mtbeer
3384918424;StillImage;image/jpeg;https://inaturalist-open-data.s3.amazonaws.com/photos/160759658/original.jpeg;https://www.inaturalist.org/photos/160759658;;;;;26/09/2021 12:14;mtbeer;;iNaturalist;http://creativecommons.org/licenses/by-nc/4.0/;mtbeer
3384910518;StillImage;image/jpeg;https://inaturalist-open-data.s3.amazonaws.com/photos/158385644/original.jpg;https://www.inaturalist.org/photos/158385644;;;;;19/09/2021 17:30;Joseba;;iNaturalist;http://creativecommons.org/licenses/by-nc/4.0/;Joseba
3384813313;StillImage;image/jpeg;https://inaturalist-open-data.s3.amazonaws.com/photos/159799048/original.jpeg;https://www.inaturalist.org/photos/159799048;;;;;25/09/2021 21:16;Octávio Mateus;;iNaturalist;http://creativecommons.org/licenses/by-nc/4.0/;Octávio Mateus
3384813313;StillImage;image/jpeg;https://inaturalist-open-data.s3.amazonaws.com/photos/159799029/original.jpeg;https://www.inaturalist.org/photos/159799029;;;;;25/09/2021 21:17;Octávio Mateus;;iNaturalist;http://creativecommons.org/licenses/by-nc/4.0/;Octávio Mateus
3384813313;StillImage;image/jpeg;https://inaturalist-open-data.s3.amazonaws.com/photos/159799040/original.jpeg;https://www.inaturalist.org/photos/159799040;;;;;25/09/2021 21:17;Octávio Mateus;;iNaturalist;http://creativecommons.org/licenses/by-nc/4.0/;Octávio Mateus
3384755175;StillImage;image/jpeg;https://inaturalist-open-data.s3.amazonaws.com/photos/159519717/original.jpeg;https://www.inaturalist.org/photos/159519717;;;;;24/09/2021 17:56;Víctor Huete;;iNaturalist;http://creativecommons.org/licenses/by-nc/4.0/;Víctor Huete
3384118784;StillImage;image/jpeg;https://inaturalist-open-data.s3.amazonaws.com/photos/158803431/original.jpg;https://www.inaturalist.org/photos/158803431;;;;;21/09/2021 13:26;Joseba;;iNaturalist;http://creativecommons.org/licenses/by-nc/4.0/;Joseba
3384118784;StillImage;image/jpeg;https://inaturalist-open-data.s3.amazonaws.com/photos/158803354/original.jpg;https://www.inaturalist.org/photos/158803354;;;;;21/09/2021 13:26;Joseba;;iNaturalist;http://creativecommons.org/licenses/by-nc/4.0/;Joseba
3343898680;StillImage;image/jpeg;https://inaturalist-open-data.s3.amazonaws.com/photos/152282839/original.jpeg;https://www.inaturalist.org/photos/152282839;;;;;29/07/2021 0:54;CORDENOS Thierry;;iNaturalist;http://creativecommons.org/licenses/by-nc/4.0/;CORDENOS Thierry
3343898680;StillImage;image/jpeg;https://inaturalist-open-data.s3.amazonaws.com/photos/152282866/original.jpeg;https://www.inaturalist.org/photos/152282866;;;;;29/07/2021 0:54;CORDENOS Thierry;;iNaturalist;http://creativecommons.org/licenses/by-nc/4.0/;CORDENOS Thierry
3343898680;StillImage;image/jpeg;https://inaturalist-open-data.s3.amazonaws.com/photos/152282868/original.jpeg;https://www.inaturalist.org/photos/152282868;;;;;29/07/2021 0:54;CORDENOS Thierry;;iNaturalist;http://creativecommons.org/licenses/by-nc/4.0/;CORDENOS Thierry
3343838842;StillImage;image/jpeg;https://static.inaturalist.org/photos/151953385/original.jpeg;https://www.inaturalist.org/photos/151953385;;;;;20/08/2021 19:24;François-Xavier Taxil;;iNaturalist;http://creativecommons.org/licenses/by-nc/4.0/;François-Xavier Taxil
3343838842;StillImage;image/jpeg;https://static.inaturalist.org/photos/151953340/original.jpeg;https://www.inaturalist.org/photos/151953340;;;;;20/08/2021 19:15;François-Xavier Taxil;;iNaturalist;http://creativecommons.org/licenses/by-nc/4.0/;François-Xavier Taxil
3343838842;StillImage;image/jpeg;https://static.inaturalist.org/photos/151953354/original.jpeg;https://www.inaturalist.org/photos/151953354;;;;;20/08/2021 19:18;François-Xavier Taxil;;iNaturalist;http://creativecommons.org/licenses/by-nc/4.0/;François-Xavier Taxil
3343838842;StillImage;image/jpeg;https://static.inaturalist.org/photos/151953370/original.jpeg;https://www.inaturalist.org/photos/151953370;;;;;20/08/2021 19:17;François-Xavier Taxil;;iNaturalist;http://creativecommons.org/licenses/by-nc/4.0/;François-Xavier Taxil
3343743989;StillImage;image/jpeg;https://inaturalist-open-data.s3.amazonaws.com/photos/152543777/original.jpg;https://www.inaturalist.org/photos/152543777;;;;;17/09/2015 1:26;Michal Mikšík;;iNaturalist;http://creativecommons.org/licenses/by-nc/4.0/;Michal Mikšík
3333397208;StillImage;image/jpeg;https://inaturalist-open-data.s3.amazonaws.com/photos/146429803/original.jpg;https://www.inaturalist.org/photos/146429803;;;;;20/07/2021 2:19;AHP-Steiermark;;iNaturalist;http://creativecommons.org/licenses/by-nc/4.0/;AHP-Steiermark
3333397208;StillImage;image/jpeg;https://inaturalist-open-data.s3.amazonaws.com/photos/146429700/original.jpg;https://www.inaturalist.org/photos/146429700;;;;;20/07/2021 2:15;AHP-Steiermark;;iNaturalist;http://creativecommons.org/licenses/by-nc/4.0/;AHP-Steiermark
3333397208;StillImage;image/jpeg;https://inaturalist-open-data.s3.amazonaws.com/photos/146429769/original.jpg;https://www.inaturalist.org/photos/146429769;;;;;20/07/2021 2:16;AHP-Steiermark;;iNaturalist;http://creativecommons.org/licenses/by-nc/4.0/;AHP-Steiermark
3333397208;StillImage;image/jpeg;https://inaturalist-open-data.s3.amazonaws.com/photos/146429745/original.jpg;https://www.inaturalist.org/photos/146429745;;;;;20/07/2021 2:15;AHP-Steiermark;;iNaturalist;http://creativecommons.org/licenses/by-nc/4.0/;AHP-Steiermark
3333397208;StillImage;image/jpeg;https://inaturalist-open-data.s3.amazonaws.com/photos/146429836/original.jpg;https://www.inaturalist.org/photos/146429836;;;;;20/07/2021 2:20;AHP-Steiermark;;iNaturalist;http://creativecommons.org/licenses/by-nc/4.0/;AHP-Steiermark
3328168523;StillImage;image/jpeg;https://inaturalist-open-data.s3.amazonaws.com/photos/143424007/original.jpg;https://www.inaturalist.org/photos/143424007;;;;;30/09/2018 2:00;Joseba;;iNaturalist;http://creativecommons.org/licenses/by-nc/4.0/;Joseba
3328168523;StillImage;image/jpeg;https://inaturalist-open-data.s3.amazonaws.com/photos/143423720/original.jpg;https://www.inaturalist.org/photos/143423720;;;;;30/09/2018 2:00;Joseba;;iNaturalist;http://creativecommons.org/licenses/by-nc/4.0/;Joseba
3302502543;StillImage;image/jpeg;https://inaturalist-open-data.s3.amazonaws.com/photos/134326884/original.jpg;https://www.inaturalist.org/photos/134326884;;;;;25/08/2015 2:00;Joseba;;iNaturalist;http://creativecommons.org/licenses/by-nc/4.0/;Joseba
3059149832;StillImage;image/jpeg;https://inaturalist-open-data.s3.amazonaws.com/photos/114844954/original.jpeg;https://www.inaturalist.org/photos/114844954;;;;;17/09/2018 19:04;Christian Apschner;;iNaturalist;http://creativecommons.org/licenses/by-nc/4.0/;Christian Apschner
3044761171;StillImage;image/jpeg;https://inaturalist-open-data.s3.amazonaws.com/photos/112946175/original.jpeg;https://www.inaturalist.org/photos/112946175;;;;;14/07/2020 1:01;Сергей;;iNaturalist;http://creativecommons.org/licenses/by-nc/4.0/;Сергей
3044761171;StillImage;image/jpeg;https://inaturalist-open-data.s3.amazonaws.com/photos/112946128/original.jpeg;https://www.inaturalist.org/photos/112946128;;;;;14/07/2020 0:58;Сергей;;iNaturalist;http://creativecommons.org/licenses/by-nc/4.0/;Сергей
3044761171;StillImage;image/jpeg;https://inaturalist-open-data.s3.amazonaws.com/photos/112946159/original.jpeg;https://www.inaturalist.org/photos/112946159;;;;;14/07/2020 1:00;Сергей;;iNaturalist;http://creativecommons.org/licenses/by-nc/4.0/;Сергей
3044761171;StillImage;image/jpeg;https://inaturalist-open-data.s3.amazonaws.com/photos/112946186/original.jpeg;https://www.inaturalist.org/photos/112946186;;;;;14/07/2020 1:03;Сергей;;iNaturalist;http://creativecommons.org/licenses/by-nc/4.0/;Сергей
3044761171;StillImage;image/jpeg;https://inaturalist-open-data.s3.amazonaws.com/photos/112946139/original.jpg;https://www.inaturalist.org/photos/112946139;;;;;14/07/2020 0:59;Сергей;;iNaturalist;http://creativecommons.org/licenses/by-nc/4.0/;Сергей
3044761171;StillImage;image/jpeg;https://inaturalist-open-data.s3.amazonaws.com/photos/112946217/original.jpeg;https://www.inaturalist.org/photos/112946217;;;;;14/07/2020 1:04;Сергей;;iNaturalist;http://creativecommons.org/licenses/by-nc/4.0/;Сергей
3044761171;StillImage;image/jpeg;https://inaturalist-open-data.s3.amazonaws.com/photos/112946152/original.jpeg;https://www.inaturalist.org/photos/112946152;;;;;14/07/2020 0:59;Сергей;;iNaturalist;http://creativecommons.org/licenses/by-nc/4.0/;Сергей
3044761171;StillImage;image/jpeg;https://inaturalist-open-data.s3.amazonaws.com/photos/112946194/original.jpeg;https://www.inaturalist.org/photos/112946194;;;;;14/07/2020 1:03;Сергей;;iNaturalist;http://creativecommons.org/licenses/by-nc/4.0/;Сергей
3044761171;StillImage;image/jpeg;https://inaturalist-open-data.s3.amazonaws.com/photos/112946200/original.jpeg;https://www.inaturalist.org/photos/112946200;;;;;14/07/2020 1:03;Сергей;;iNaturalist;http://creativecommons.org/licenses/by-nc/4.0/;Сергей
3039367739;StillImage;image/jpeg;https://inaturalist-open-data.s3.amazonaws.com/photos/112254196/original.jpg;https://www.inaturalist.org/photos/112254196;;;;;29/09/2004 19:52;Federico Calledda;;iNaturalist;http://creativecommons.org/licenses/by-nc/4.0/;Federico Calledda
3039247894;StillImage;image/jpeg;https://inaturalist-open-data.s3.amazonaws.com/photos/111413538/original.jpg;https://www.inaturalist.org/photos/111413538;;;;;23/09/2020 20:16;Federico Calledda;;iNaturalist;http://creativecommons.org/licenses/by-nc/4.0/;Federico Calledda
3039116968;StillImage;image/jpeg;https://inaturalist-open-data.s3.amazonaws.com/photos/111493708/original.jpg;https://www.inaturalist.org/photos/111493708;;;;;19/09/2020 22:43;Federico Calledda;;iNaturalist;http://creativecommons.org/licenses/by-nc/4.0/;Federico Calledda
3039116968;StillImage;image/jpeg;https://inaturalist-open-data.s3.amazonaws.com/photos/111493701/original.jpg;https://www.inaturalist.org/photos/111493701;;;;;19/09/2020 22:22;Federico Calledda;;iNaturalist;http://creativecommons.org/licenses/by-nc/4.0/;Federico Calledda
3032054997;StillImage;image/jpeg;https://inaturalist-open-data.s3.amazonaws.com/photos/111300053/original.jpg;https://www.inaturalist.org/photos/111300053;;;;;23/06/2013 23:52;Alexander Fateryga;;iNaturalist;http://creativecommons.org/licenses/by-nc/4.0/;Alexander Fateryga
3032054997;StillImage;image/jpeg;https://inaturalist-open-data.s3.amazonaws.com/photos/111300076/original.jpg;https://www.inaturalist.org/photos/111300076;;;;;23/06/2013 23:52;Alexander Fateryga;;iNaturalist;http://creativecommons.org/licenses/by-nc/4.0/;Alexander Fateryga
3013863570;StillImage;image/jpeg;https://inaturalist-open-data.s3.amazonaws.com/photos/103144175/original.jpg;https://www.inaturalist.org/photos/103144175;;;;;29/08/2020 18:09;Felipe Hidalgo;;iNaturalist;http://creativecommons.org/licenses/by-nc/4.0/;Felipe Hidalgo
3013863570;StillImage;image/jpeg;https://inaturalist-open-data.s3.amazonaws.com/photos/103144301/original.jpg;https://www.inaturalist.org/photos/103144301;;;;;29/08/2020 18:14;Felipe Hidalgo;;iNaturalist;http://creativecommons.org/licenses/by-nc/4.0/;Felipe Hidalgo
2992780533;StillImage;image/jpeg;https://inaturalist-open-data.s3.amazonaws.com/photos/101047427/original.jpeg;https://www.inaturalist.org/photos/101047427;;;;;19/10/2020 18:35;Massimo Tabone;;iNaturalist;http://creativecommons.org/licenses/by-nc/4.0/;Massimo Tabone
2992711110;StillImage;image/jpeg;https://inaturalist-open-data.s3.amazonaws.com/photos/106381277/original.jpeg;https://www.inaturalist.org/photos/106381277;;;;;20/09/2020 19:17;Claudio Peterlongo;;iNaturalist;http://creativecommons.org/licenses/by-nc/4.0/;Claudio Peterlongo
2992711110;StillImage;image/jpeg;https://inaturalist-open-data.s3.amazonaws.com/photos/106381414/original.jpeg;https://www.inaturalist.org/photos/106381414;;;;;20/09/2020 19:17;Claudio Peterlongo;;iNaturalist;http://creativecommons.org/licenses/by-nc/4.0/;Claudio Peterlongo
2988549252;StillImage;image/jpeg;https://inaturalist-open-data.s3.amazonaws.com/photos/104747108/original.jpg;https://www.inaturalist.org/photos/104747108;;;;;25/08/2018 13:07;altairvega;;iNaturalist;http://creativecommons.org/licenses/by-nc/4.0/;altairvega
2984537441;StillImage;image/jpeg;https://inaturalist-open-data.s3.amazonaws.com/photos/90379939/original.jpg;https://www.inaturalist.org/photos/90379939;;;;;16/08/2020 21:27;Николаева Лариса;;iNaturalist;http://creativecommons.org/licenses/by-nc/4.0/;Николаева Лариса
2873780794;StillImage;image/jpeg;https://inaturalist-open-data.s3.amazonaws.com/photos/97297200/original.jpg;https://www.inaturalist.org/photos/97297200;;;;;26/09/2020 11:09;andim;;iNaturalist;http://creativecommons.org/licenses/by-nc/4.0/;andim
2873780794;StillImage;image/jpeg;https://inaturalist-open-data.s3.amazonaws.com/photos/97297159/original.jpg;https://www.inaturalist.org/photos/97297159;;;;;26/09/2020 11:09;andim;;iNaturalist;http://creativecommons.org/licenses/by-nc/4.0/;andim
2868259641;StillImage;image/jpeg;https://inaturalist-open-data.s3.amazonaws.com/photos/95862830/original.jpeg;https://www.inaturalist.org/photos/95862830;;;;;18/09/2020 0:41;Mirko Tomasi;;iNaturalist;http://creativecommons.org/licenses/by-nc/4.0/;Mirko Tomasi
2868259641;StillImage;image/jpeg;https://inaturalist-open-data.s3.amazonaws.com/photos/95862390/original.jpeg;https://www.inaturalist.org/photos/95862390;;;;;18/09/2020 0:37;Mirko Tomasi;;iNaturalist;http://creativecommons.org/licenses/by-nc/4.0/;Mirko Tomasi
2864722659;StillImage;image/jpeg;https://inaturalist-open-data.s3.amazonaws.com/photos/95351520/original.jpg;https://www.inaturalist.org/photos/95351520;;;;;15/09/2020 18:31;Valentyna Inshyna, Msc and Viktor Baranov, PhD;;iNaturalist;http://creativecommons.org/licenses/by-nc/4.0/;Valentyna Inshyna, Msc and Viktor Baranov, PhD
2864722659;StillImage;image/jpeg;https://inaturalist-open-data.s3.amazonaws.com/photos/95351514/original.jpg;https://www.inaturalist.org/photos/95351514;;;;;15/09/2020 18:31;Valentyna Inshyna, Msc and Viktor Baranov, PhD;;iNaturalist;http://creativecommons.org/licenses/by-nc/4.0/;Valentyna Inshyna, Msc and Viktor Baranov, PhD
2862533560;StillImage;image/jpeg;https://inaturalist-open-data.s3.amazonaws.com/photos/93387247/original.jpg;https://www.inaturalist.org/photos/93387247;;;;;03/09/2020 2:00;svg52;;iNaturalist;http://creativecommons.org/licenses/by-nc/4.0/;svg52
2862533560;StillImage;image/jpeg;https://inaturalist-open-data.s3.amazonaws.com/photos/93387239/original.jpg;https://www.inaturalist.org/photos/93387239;;;;;03/09/2020 2:00;svg52;;iNaturalist;http://creativecommons.org/licenses/by-nc/4.0/;svg52
2862533560;StillImage;image/jpeg;https://inaturalist-open-data.s3.amazonaws.com/photos/93387228/original.jpg;https://www.inaturalist.org/photos/93387228;;;;;03/09/2020 2:00;svg52;;iNaturalist;http://creativecommons.org/licenses/by-nc/4.0/;svg52
2862533560;StillImage;image/jpeg;https://inaturalist-open-data.s3.amazonaws.com/photos/93387223/original.jpg;https://www.inaturalist.org/photos/93387223;;;;;03/09/2020 2:00;svg52;;iNaturalist;http://creativecommons.org/licenses/by-nc/4.0/;svg52
2860179014;StillImage;image/jpeg;https://inaturalist-open-data.s3.amazonaws.com/photos/92807301/original.jpg;https://www.inaturalist.org/photos/92807301;;;;;13/08/2014 16:15;giulia_gagliardi;;iNaturalist;http://creativecommons.org/licenses/by-nc/4.0/;giulia_gagliardi
2860145749;StillImage;image/jpeg;https://inaturalist-open-data.s3.amazonaws.com/photos/92416874/original.jpg;https://www.inaturalist.org/photos/92416874;;;;;18/08/2020 1:51;klevanti;;iNaturalist;http://creativecommons.org/licenses/by-nc/4.0/;klevanti
2860053417;StillImage;image/jpeg;https://inaturalist-open-data.s3.amazonaws.com/photos/81348485/original.jpeg;https://www.inaturalist.org/photos/81348485;;;;;25/06/2020 16:36;Víctor Huete;;iNaturalist;http://creativecommons.org/licenses/by-nc/4.0/;Víctor Huete
2859912472;StillImage;image/jpeg;https://inaturalist-open-data.s3.amazonaws.com/photos/87791630/original.jpeg;https://www.inaturalist.org/photos/87791630;;;;;02/08/2020 14:54;prototaxites;;iNaturalist;http://creativecommons.org/licenses/by-nc/4.0/;prototaxites
2859911043;StillImage;image/jpeg;https://inaturalist-open-data.s3.amazonaws.com/photos/92814626/original.jpeg;https://www.inaturalist.org/photos/92814626;;;;;30/08/2020 20:28;Alfredo Rueda Diez;;iNaturalist;http://creativecommons.org/licenses/by-nc/4.0/;Alfredo Rueda Diez
2850877406;StillImage;image/jpeg;https://inaturalist-open-data.s3.amazonaws.com/photos/90784482/original.jpg;https://www.inaturalist.org/photos/90784482;;;;;19/08/2020 10:52;katrin_simon;;iNaturalist;http://creativecommons.org/licenses/by-nc/4.0/;katrin_simon
2850877406;StillImage;image/jpeg;https://inaturalist-open-data.s3.amazonaws.com/photos/90784435/original.jpg;https://www.inaturalist.org/photos/90784435;;;;;19/08/2020 10:52;katrin_simon;;iNaturalist;http://creativecommons.org/licenses/by-nc/4.0/;katrin_simon
2803158440;StillImage;image/jpeg;https://inaturalist-open-data.s3.amazonaws.com/photos/80777334/original.jpeg;https://www.inaturalist.org/photos/80777334;;;;;19/08/2019 2:09;sergejseleznev;;iNaturalist;http://creativecommons.org/licenses/by-nc/4.0/;sergejseleznev
2634520152;StillImage;image/jpeg;https://inaturalist-open-data.s3.amazonaws.com/photos/76706149/original.jpeg;https://www.inaturalist.org/photos/76706149;;;;;09/10/2009 0:52;Massimo Tabone;;iNaturalist;http://creativecommons.org/licenses/by-nc/4.0/;Massimo Tabone
2634520152;StillImage;image/jpeg;https://inaturalist-open-data.s3.amazonaws.com/photos/76705992/original.jpeg;https://www.inaturalist.org/photos/76705992;;;;;09/10/2009 0:33;Massimo Tabone;;iNaturalist;http://creativecommons.org/licenses/by-nc/4.0/;Massimo Tabone
2620205404;StillImage;image/jpeg;https://inaturalist-open-data.s3.amazonaws.com/photos/71483151/original.jpg;https://www.inaturalist.org/photos/71483151;;;;;13/07/2018 22:49;Nihad Kudo;;iNaturalist;http://creativecommons.org/licenses/by-nc/4.0/;Nihad Kudo
2620205404;StillImage;image/jpeg;https://inaturalist-open-data.s3.amazonaws.com/photos/71482447/original.jpg;https://www.inaturalist.org/photos/71482447;;;;;13/07/2018 22:49;Nihad Kudo;;iNaturalist;http://creativecommons.org/licenses/by-nc/4.0/;Nihad Kudo
2609120638;StillImage;image/jpeg;https://inaturalist-open-data.s3.amazonaws.com/photos/67618588/original.jpeg;https://www.inaturalist.org/photos/67618588;;;;;28/07/2019 9:43;Andrea Peterlongo;;iNaturalist;http://creativecommons.org/licenses/by-nc/4.0/;Andrea Peterlongo
2573974007;StillImage;image/jpeg;https://inaturalist-open-data.s3.amazonaws.com/photos/44634557/original.jpg;https://www.inaturalist.org/photos/44634557;;;;;24/08/2014 13:00;javisahun;;iNaturalist;http://creativecommons.org/licenses/by-nc/4.0/;javisahun
2573974007;StillImage;image/jpeg;https://inaturalist-open-data.s3.amazonaws.com/photos/44634597/original.jpg;https://www.inaturalist.org/photos/44634597;;;;;24/08/2014 13:00;javisahun;;iNaturalist;http://creativecommons.org/licenses/by-nc/4.0/;javisahun
2573974007;StillImage;image/jpeg;https://inaturalist-open-data.s3.amazonaws.com/photos/44634581/original.jpg;https://www.inaturalist.org/photos/44634581;;;;;24/08/2014 13:00;javisahun;;iNaturalist;http://creativecommons.org/licenses/by-nc/4.0/;javisahun
2518057850;StillImage;image/jpeg;https://inaturalist-open-data.s3.amazonaws.com/photos/57562469/original.jpg;https://www.inaturalist.org/photos/57562469;;;;;24/08/2015 2:00;bioauthteam;;iNaturalist;http://creativecommons.org/licenses/by-nc/4.0/;bioauthteam
2429564024;StillImage;image/jpeg;https://inaturalist-open-data.s3.amazonaws.com/photos/53920523/original.jpeg;https://www.inaturalist.org/photos/53920523;;;;;13/10/2019 0:38;João Silva;;iNaturalist;http://creativecommons.org/licenses/by-nc/4.0/;João Silva
2429564024;StillImage;image/jpeg;https://inaturalist-open-data.s3.amazonaws.com/photos/53920508/original.jpeg;https://www.inaturalist.org/photos/53920508;;;;;13/10/2019 0:34;João Silva;;iNaturalist;http://creativecommons.org/licenses/by-nc/4.0/;João Silva
2429564024;StillImage;image/jpeg;https://inaturalist-open-data.s3.amazonaws.com/photos/53920476/original.jpeg;https://www.inaturalist.org/photos/53920476;;;;;13/10/2019 0:34;João Silva;;iNaturalist;http://creativecommons.org/licenses/by-nc/4.0/;João Silva
2429564024;StillImage;image/jpeg;https://inaturalist-open-data.s3.amazonaws.com/photos/53920537/original.jpeg;https://www.inaturalist.org/photos/53920537;;;;;13/10/2019 0:38;João Silva;;iNaturalist;http://creativecommons.org/licenses/by-nc/4.0/;João Silva
2429564024;StillImage;image/jpeg;https://inaturalist-open-data.s3.amazonaws.com/photos/53920494/original.jpeg;https://www.inaturalist.org/photos/53920494;;;;;13/10/2019 0:36;João Silva;;iNaturalist;http://creativecommons.org/licenses/by-nc/4.0/;João Silva
2397459808;StillImage;image/jpeg;https://inaturalist-open-data.s3.amazonaws.com/photos/24864035/original.jpeg;https://www.inaturalist.org/photos/24864035;;;;;14/09/2018 23:38;Marco Floriani;;iNaturalist;http://creativecommons.org/licenses/by-nc/4.0/;Marco Floriani
2366131968;StillImage;image/jpeg;https://inaturalist-open-data.s3.amazonaws.com/photos/48860260/original.jpg;https://www.inaturalist.org/photos/48860260;;;;;17/08/2019 22:46;Lupoli Roland;;iNaturalist;http://creativecommons.org/licenses/by-nc/4.0/;Lupoli Roland
2366084781;StillImage;image/jpeg;https://inaturalist-open-data.s3.amazonaws.com/photos/48559819/original.jpeg;https://www.inaturalist.org/photos/48559819;;;;;19/08/2019 0:49;Simon Crameri;;iNaturalist;http://creativecommons.org/licenses/by-nc/4.0/;Simon Crameri
2366046564;StillImage;image/jpeg;https://inaturalist-open-data.s3.amazonaws.com/photos/48345607/original.jpeg;https://www.inaturalist.org/photos/48345607;;;;;11/08/2019 20:50;jagbill;;iNaturalist;http://creativecommons.org/licenses/by-nc/4.0/;jagbill
2331846057;StillImage;image/jpeg;https://inaturalist-open-data.s3.amazonaws.com/photos/46298144/original.jpg;https://www.inaturalist.org/photos/46298144;;;;;25/07/2019 9:05;pediatrician;;iNaturalist;http://creativecommons.org/licenses/by-nc/4.0/;pediatrician
2269203105;StillImage;image/jpeg;https://inaturalist-open-data.s3.amazonaws.com/photos/15061639/original.jpeg;https://www.inaturalist.org/photos/15061639;;;;;10/09/2015 11:50;debk;;iNaturalist;http://creativecommons.org/licenses/by-sa/4.0/;debk
2269203105;StillImage;image/jpeg;https://inaturalist-open-data.s3.amazonaws.com/photos/15061640/original.jpeg;https://www.inaturalist.org/photos/15061640;;;;;10/09/2015 11:50;debk;;iNaturalist;http://creativecommons.org/licenses/by-sa/4.0/;debk
2269203105;StillImage;image/jpeg;https://inaturalist-open-data.s3.amazonaws.com/photos/15061637/original.jpeg;https://www.inaturalist.org/photos/15061637;;;;;10/09/2015 11:50;debk;;iNaturalist;http://creativecommons.org/licenses/by-sa/4.0/;debk
2269203105;StillImage;image/jpeg;https://inaturalist-open-data.s3.amazonaws.com/photos/15061636/original.jpeg;https://www.inaturalist.org/photos/15061636;;;;;10/09/2015 11:50;debk;;iNaturalist;http://creativecommons.org/licenses/by-sa/4.0/;debk
2251900795;StillImage;image/jpeg;https://inaturalist-open-data.s3.amazonaws.com/photos/39992498/original.jpg;https://www.inaturalist.org/photos/39992498;;;;;02/09/2018 3:20;salvatore_infanti;;iNaturalist;http://creativecommons.org/licenses/by-nc/4.0/;salvatore_infanti
1990599080;StillImage;image/jpeg;https://inaturalist-open-data.s3.amazonaws.com/photos/30696238/original.jpg;https://www.inaturalist.org/photos/30696238;;;;;18/08/2013 19:54;Eugene Popov;;iNaturalist;http://creativecommons.org/licenses/by/4.0/;Eugene Popov
1837784559;StillImage;image/jpeg;https://inaturalist-open-data.s3.amazonaws.com/photos/6993872/original.jpg;https://www.inaturalist.org/photos/6993872;;;;;04/10/2016 16:34;Davide Puddu;;iNaturalist;http://creativecommons.org/licenses/by-nc/4.0/;Davide Puddu
1802636473;StillImage;image/jpeg;https://inaturalist-open-data.s3.amazonaws.com/photos/10989556/original.jpeg;https://www.inaturalist.org/photos/10989556;;;;;07/10/2017 3:09;fs00;;iNaturalist;http://creativecommons.org/licenses/by-nc/4.0/;fs00
1802636473;StillImage;image/jpeg;https://inaturalist-open-data.s3.amazonaws.com/photos/10989550/original.jpeg;https://www.inaturalist.org/photos/10989550;;;;;07/10/2017 3:09;fs00;;iNaturalist;http://creativecommons.org/licenses/by-nc/4.0/;fs00
1802636473;StillImage;image/jpeg;https://inaturalist-open-data.s3.amazonaws.com/photos/10989559/original.jpeg;https://www.inaturalist.org/photos/10989559;;;;;07/10/2017 3:09;fs00;;iNaturalist;http://creativecommons.org/licenses/by-nc/4.0/;fs00
1703219160;StillImage;image/jpeg;https://inaturalist-open-data.s3.amazonaws.com/photos/12086721/original.jpg;https://www.inaturalist.org/photos/12086721;;;;;04/08/2016 3:54;Danilo Ugrnov;;iNaturalist;http://creativecommons.org/licenses/by-nc/4.0/;Danilo Ugrnov
1703185890;StillImage;image/jpeg;https://inaturalist-open-data.s3.amazonaws.com/photos/11930574/original.jpg;https://www.inaturalist.org/photos/11930574;;;;;25/09/2016 14:34;Marjan Kustera;;iNaturalist;http://creativecommons.org/licenses/by-nc/4.0/;Marjan Kustera
1703185890;StillImage;image/jpeg;https://inaturalist-open-data.s3.amazonaws.com/photos/11930623/original.jpg;https://www.inaturalist.org/photos/11930623;;;;;25/09/2016 14:34;Marjan Kustera;;iNaturalist;http://creativecommons.org/licenses/by-nc/4.0/;Marjan Kustera
1703185890;StillImage;image/jpeg;https://inaturalist-open-data.s3.amazonaws.com/photos/11930615/original.jpg;https://www.inaturalist.org/photos/11930615;;;;;25/09/2016 14:34;Marjan Kustera;;iNaturalist;http://creativecommons.org/licenses/by-nc/4.0/;Marjan Kustera
1323024712;StillImage;image/jpeg;https://inaturalist-open-data.s3.amazonaws.com/photos/5085828/original.jpeg;https://www.inaturalist.org/photos/5085828;;;;;02/10/2016 19:36;Andre d'Ocquier;;iNaturalist;http://creativecommons.org/licenses/by-nc/4.0/;Andre d'Ocquier
1323024712;StillImage;image/jpeg;https://inaturalist-open-data.s3.amazonaws.com/photos/5085827/original.jpeg;https://www.inaturalist.org/photos/5085827;;;;;02/10/2016 19:32;Andre d'Ocquier;;iNaturalist;http://creativecommons.org/licenses/by-nc/4.0/;Andre d'Ocquier
